{
  "split": "val",
  "npz": "ml/data/processed/fraud_dataset.npz",
  "model": "ml/artifacts/fraud_xgb/fraud_xgb_model.json",
  "n_rows": 75000,
  "fraud_rate": 0.00152,
  "threshold": 0.93,
  "min_precision": null,
  "auc_roc": 0.877618131606826,
  "auc_pr": 0.03684737882350016,
  "prob_min": 0.026087118312716484,
  "prob_max": 0.9570489525794983,
  "prob_mean": 0.27701717615127563,
  "confusion_matrix": {
    "tn": 74834,
    "fp": 52,
    "fn": 104,
    "tp": 10
  },
  "classification_report": {
    "0": {
      "precision": 0.9986121860738211,
      "recall": 0.9993056111956841,
      "f1-score": 0.9989587782998718,
      "support": 74886.0
    },
    "1": {
      "precision": 0.16129032258064516,
      "recall": 0.08771929824561403,
      "f1-score": 0.11363636363636363,
      "support": 114.0
    },
    "accuracy": 0.99792,
    "macro avg": {
      "precision": 0.5799512543272332,
      "recall": 0.543512454720649,
      "f1-score": 0.5562975709681177,
      "support": 75000.0
    },
    "weighted avg": {
      "precision": 0.9973394568413115,
      "recall": 0.99792,
      "f1-score": 0.9976130882295833,
      "support": 75000.0
    }
  }
}